/*am_user*/
INSERT INTO `am_user` (`user_id`,`user_cd`,`first_name`,`last_name`,`gender`,`birthday`,`mobile_number`,`email`,`password`,`photo_url`,`default_subsystem_id`,`description`,`lang`,`operator_id`,`operator_name`,`create_date_time`,`modify_timestamp`,`data_status`,`send_status`,`send_date_time`,`receive_date_time`) VALUES ('402881844b39d759014b39d759bf0000','admin','Admin','Gan','male','1988-04-02','+65 8600 0000','admin@gmail.com','admin123',NULL,'402881844b3f6f0b014b3f7d55cc000f','Administrator','en_SG','402881844b39d759014b39d759bf0000','Admin Gan','2015-01-30 15:56:29','2015-03-20 17:09:25','0','0',NULL,NULL);
INSERT INTO `am_user` (`user_id`,`user_cd`,`first_name`,`last_name`,`gender`,`birthday`,`mobile_number`,`email`,`password`,`photo_url`,`default_subsystem_id`,`description`,`lang`,`operator_id`,`operator_name`,`create_date_time`,`modify_timestamp`,`data_status`,`send_status`,`send_date_time`,`receive_date_time`) VALUES ('402881844b39d759014b3a4a60e800e9','ganjp','Jianping','Gan','male','1984-02-01','+65 8692 1351','ganjpxm@gmail.com','ganjp123',NULL,'402881844c364ba2014c3659098d006c',NULL,'en_SG','402881844b39d759014b39d759bf0000','Admin Gan','2015-01-30 18:02:07','2015-03-20 16:58:00','0','0',NULL,NULL);
INSERT INTO `am_user` (`user_id`,`user_cd`,`first_name`,`last_name`,`gender`,`birthday`,`mobile_number`,`email`,`password`,`photo_url`,`default_subsystem_id`,`description`,`lang`,`operator_id`,`operator_name`,`create_date_time`,`modify_timestamp`,`data_status`,`send_status`,`send_date_time`,`receive_date_time`) VALUES ('402881844c16830e014c1683dba20017','gdemoAdmin','Gan','Demo','male','1970-01-01',NULL,NULL,NULL,NULL,'402881844b3f6f0b014b3f8139ab0016',NULL,'en_SG','402881844b39d759014b39d759bf0000','Admin Gan','2015-03-14 12:21:22','2015-03-20 17:06:47','0','0',NULL,NULL);
INSERT INTO `am_user` (`user_id`,`user_cd`,`first_name`,`last_name`,`gender`,`birthday`,`mobile_number`,`email`,`password`,`photo_url`,`default_subsystem_id`,`description`,`lang`,`operator_id`,`operator_name`,`create_date_time`,`modify_timestamp`,`data_status`,`send_status`,`send_date_time`,`receive_date_time`) VALUES ('402881844c364ba2014c36796ec70462','ganjpAdmin','Ganjp','Admin','male','1984-03-01',NULL,NULL,NULL,NULL,'402881844b3f6f0b014b3f8139ab0016',NULL,'en_SG','402881844b39d759014b39d759bf0000','Admin Gan','2015-03-20 17:17:50','2015-03-20 17:17:50','0','0',NULL,NULL);
/*am_role*/
INSERT INTO `am_role` (`role_id`,`role_cd`,`role_name`,`display_no`,`description`,`lang`,`operator_id`,`operator_name`,`create_date_time`,`modify_timestamp`,`data_status`,`send_status`,`send_date_time`,`receive_date_time`) VALUES ('402881844b3fe072014b3fe072ee0000','systemAdmin','System Admin',NULL,NULL,'en_SG','402881844b39d759014b39d759bf0000','Admin Gan','2015-01-31 20:04:09','2015-03-20 16:54:00','0','0',NULL,NULL);
INSERT INTO `am_role` (`role_id`,`role_cd`,`role_name`,`display_no`,`description`,`lang`,`operator_id`,`operator_name`,`create_date_time`,`modify_timestamp`,`data_status`,`send_status`,`send_date_time`,`receive_date_time`) VALUES ('402881844b3fe072014b3fe125980002','gdemoAdmin','GDemo Admin',NULL,NULL,'en_SG','402881844b39d759014b39d759bf0000','Admin Gan','2015-01-31 20:04:54','2015-03-20 16:50:25','0','0',NULL,NULL);
INSERT INTO `am_role` (`role_id`,`role_cd`,`role_name`,`display_no`,`description`,`lang`,`operator_id`,`operator_name`,`create_date_time`,`modify_timestamp`,`data_status`,`send_status`,`send_date_time`,`receive_date_time`) VALUES ('402881844b3fe072014b3fe1aa2e0005','ganJianpingAdmin','Gan Jianping Admin',NULL,NULL,'en_SG','402881844b39d759014b39d759bf0000','Admin Gan','2015-01-31 20:05:28','2015-03-20 17:04:38','0','0',NULL,NULL);
INSERT INTO `am_role` (`role_id`,`role_cd`,`role_name`,`display_no`,`description`,`lang`,`operator_id`,`operator_name`,`create_date_time`,`modify_timestamp`,`data_status`,`send_status`,`send_date_time`,`receive_date_time`) VALUES ('402881844c364ba2014c3661f31d00eb','ganJianpingMember','Gan Jianping Member',NULL,NULL,'en_SG','402881844b39d759014b39d759bf0000','Admin Gan','2015-03-20 16:52:11','2015-03-20 17:04:27','0','0',NULL,NULL);
INSERT INTO `am_role` (`role_id`,`role_cd`,`role_name`,`display_no`,`description`,`lang`,`operator_id`,`operator_name`,`create_date_time`,`modify_timestamp`,`data_status`,`send_status`,`send_date_time`,`receive_date_time`) VALUES ('402881844c364ba2014c3663f40300fe','superAdmin','Super Admin',NULL,NULL,'en_SG','402881844b39d759014b39d759bf0000','Admin Gan','2015-03-20 16:54:22','2015-03-20 16:54:22','0','0',NULL,NULL);
/*am_subsystem*/
INSERT INTO `am_subsystem` (`subsystem_id`,`subsystem_cd`,`subsystem_name`,`home_url`,`display_no`,`description`,`operator_id`,`operator_name`,`lang`,`create_date_time`,`modify_timestamp`,`data_status`,`send_status`,`send_date_time`,`receive_date_time`) VALUES ('402881844b3f6f0b014b3f7d55cc000f','smp','System Manage Platform','/spring/smp',NULL,'Manage system\'s basic setting','402881844b39d759014b3a4a60e800e9','Jianping Gan','en_SG','2015-01-31 18:15:53','2015-03-20 16:56:36','0','0',NULL,NULL);
INSERT INTO `am_subsystem` (`subsystem_id`,`subsystem_cd`,`subsystem_name`,`home_url`,`display_no`,`description`,`operator_id`,`operator_name`,`lang`,`create_date_time`,`modify_timestamp`,`data_status`,`send_status`,`send_date_time`,`receive_date_time`) VALUES ('402881844b3f6f0b014b3f8139ab0016','gjmp','Gan Jianping Manage Platform','/spring/gjmp',NULL,'The console provide basic services for mobile and provide some data to testing','402881844b39d759014b39d759bf0000','Admin Gan','en_SG','2015-01-31 18:20:08','2015-03-20 17:02:43','0','0',NULL,NULL);
INSERT INTO `am_subsystem` (`subsystem_id`,`subsystem_cd`,`subsystem_name`,`home_url`,`display_no`,`description`,`operator_id`,`operator_name`,`lang`,`create_date_time`,`modify_timestamp`,`data_status`,`send_status`,`send_date_time`,`receive_date_time`) VALUES ('402881844b42d1c0014b42d5729f001d','gdmp','GDemo Manage Platform','/spring/gdmp',NULL,'The platform will provide testing data to mobile','402881844b39d759014b39d759bf0000','Admin Gan','en_SG','2015-02-01 09:50:59','2015-03-20 16:56:16','0','0',NULL,NULL);
INSERT INTO `am_subsystem` (`subsystem_id`,`subsystem_cd`,`subsystem_name`,`home_url`,`display_no`,`description`,`operator_id`,`operator_name`,`lang`,`create_date_time`,`modify_timestamp`,`data_status`,`send_status`,`send_date_time`,`receive_date_time`) VALUES ('402881844c364ba2014c3659098d006c','gjpw','Gan Jianping Personal Website','/spring/gjpw',NULL,'The console is personal website of gan jian ping','402881844b39d759014b39d759bf0000','Admin Gan','en_SG','2015-03-20 16:42:27','2015-03-20 17:01:57','0','0',NULL,NULL);
/*am_user_role*/
INSERT INTO `am_user_role` (`user_role_id`,`user_id`,`role_id`,`lang`,`operator_id`,`operator_name`,`create_date_time`,`modify_timestamp`,`data_status`,`send_status`,`send_date_time`,`receive_date_time`) VALUES ('402881844c364ba2014c3667491e021d','402881844b39d759014b3a4a60e800e9','402881844c364ba2014c3661f31d00eb',NULL,NULL,NULL,'2015-03-20 16:58:00','2015-03-20 16:58:00','0','0',NULL,NULL);
INSERT INTO `am_user_role` (`user_role_id`,`user_id`,`role_id`,`lang`,`operator_id`,`operator_name`,`create_date_time`,`modify_timestamp`,`data_status`,`send_status`,`send_date_time`,`receive_date_time`) VALUES ('402881844c364ba2014c366f50bf0383','402881844c16830e014c1683dba20017','402881844b3fe072014b3fe125980002',NULL,NULL,NULL,'2015-03-20 17:06:47','2015-03-20 17:06:47','0','0',NULL,NULL);
INSERT INTO `am_user_role` (`user_role_id`,`user_id`,`role_id`,`lang`,`operator_id`,`operator_name`,`create_date_time`,`modify_timestamp`,`data_status`,`send_status`,`send_date_time`,`receive_date_time`) VALUES ('402881844c364ba2014c3671bcf003ee','402881844b39d759014b39d759bf0000','402881844b3fe072014b3fe125980002',NULL,NULL,NULL,'2015-03-20 17:09:25','2015-03-20 17:09:25','0','0',NULL,NULL);
INSERT INTO `am_user_role` (`user_role_id`,`user_id`,`role_id`,`lang`,`operator_id`,`operator_name`,`create_date_time`,`modify_timestamp`,`data_status`,`send_status`,`send_date_time`,`receive_date_time`) VALUES ('402881844c364ba2014c3671bcf103ef','402881844b39d759014b39d759bf0000','402881844b3fe072014b3fe1aa2e0005',NULL,NULL,NULL,'2015-03-20 17:09:25','2015-03-20 17:09:25','0','0',NULL,NULL);
INSERT INTO `am_user_role` (`user_role_id`,`user_id`,`role_id`,`lang`,`operator_id`,`operator_name`,`create_date_time`,`modify_timestamp`,`data_status`,`send_status`,`send_date_time`,`receive_date_time`) VALUES ('402881844c364ba2014c3671bcf203f0','402881844b39d759014b39d759bf0000','402881844c364ba2014c3663f40300fe',NULL,NULL,NULL,'2015-03-20 17:09:25','2015-03-20 17:09:25','0','0',NULL,NULL);
INSERT INTO `am_user_role` (`user_role_id`,`user_id`,`role_id`,`lang`,`operator_id`,`operator_name`,`create_date_time`,`modify_timestamp`,`data_status`,`send_status`,`send_date_time`,`receive_date_time`) VALUES ('402881844c364ba2014c3671bcf303f1','402881844b39d759014b39d759bf0000','402881844c364ba2014c3661f31d00eb',NULL,NULL,NULL,'2015-03-20 17:09:25','2015-03-20 17:09:25','0','0',NULL,NULL);
INSERT INTO `am_user_role` (`user_role_id`,`user_id`,`role_id`,`lang`,`operator_id`,`operator_name`,`create_date_time`,`modify_timestamp`,`data_status`,`send_status`,`send_date_time`,`receive_date_time`) VALUES ('402881844c364ba2014c3671bcf403f2','402881844b39d759014b39d759bf0000','402881844b3fe072014b3fe072ee0000',NULL,NULL,NULL,'2015-03-20 17:09:25','2015-03-20 17:09:25','0','0',NULL,NULL);
INSERT INTO `am_user_role` (`user_role_id`,`user_id`,`role_id`,`lang`,`operator_id`,`operator_name`,`create_date_time`,`modify_timestamp`,`data_status`,`send_status`,`send_date_time`,`receive_date_time`) VALUES ('402881844c364ba2014c36796eca0463','402881844c364ba2014c36796ec70462','402881844b3fe072014b3fe1aa2e0005',NULL,NULL,NULL,'2015-03-20 17:17:50','2015-03-20 17:17:50','0','0',NULL,NULL);

/*am_role_subsystem*/
INSERT INTO `am_role_subsystem` (`role_subsystem_id`,`subsystem_id`,`role_id`,`lang`,`operator_id`,`operator_name`,`create_date_time`,`modify_timestamp`,`data_status`,`send_status`,`send_date_time`,`receive_date_time`) VALUES ('402881844c364ba2014c3665b1e30198','402881844b42d1c0014b42d5729f001d','402881844c364ba2014c3663f40300fe',NULL,NULL,NULL,'2015-03-20 16:56:16','2015-03-20 16:56:16','0','0',NULL,NULL);
INSERT INTO `am_role_subsystem` (`role_subsystem_id`,`subsystem_id`,`role_id`,`lang`,`operator_id`,`operator_name`,`create_date_time`,`modify_timestamp`,`data_status`,`send_status`,`send_date_time`,`receive_date_time`) VALUES ('402881844c364ba2014c3665b1e40199','402881844b42d1c0014b42d5729f001d','402881844b3fe072014b3fe125980002',NULL,NULL,NULL,'2015-03-20 16:56:16','2015-03-20 16:56:16','0','0',NULL,NULL);
INSERT INTO `am_role_subsystem` (`role_subsystem_id`,`subsystem_id`,`role_id`,`lang`,`operator_id`,`operator_name`,`create_date_time`,`modify_timestamp`,`data_status`,`send_status`,`send_date_time`,`receive_date_time`) VALUES ('402881844c364ba2014c3665ff5e01c3','402881844b3f6f0b014b3f7d55cc000f','402881844c364ba2014c3663f40300fe',NULL,NULL,NULL,'2015-03-20 16:56:36','2015-03-20 16:56:36','0','0',NULL,NULL);
INSERT INTO `am_role_subsystem` (`role_subsystem_id`,`subsystem_id`,`role_id`,`lang`,`operator_id`,`operator_name`,`create_date_time`,`modify_timestamp`,`data_status`,`send_status`,`send_date_time`,`receive_date_time`) VALUES ('402881844c364ba2014c3665ff5f01c4','402881844b3f6f0b014b3f7d55cc000f','402881844b3fe072014b3fe072ee0000',NULL,NULL,NULL,'2015-03-20 16:56:36','2015-03-20 16:56:36','0','0',NULL,NULL);
INSERT INTO `am_role_subsystem` (`role_subsystem_id`,`subsystem_id`,`role_id`,`lang`,`operator_id`,`operator_name`,`create_date_time`,`modify_timestamp`,`data_status`,`send_status`,`send_date_time`,`receive_date_time`) VALUES ('402881844c364ba2014c366ae54302b0','402881844c364ba2014c3659098d006c','402881844c364ba2014c3663f40300fe',NULL,NULL,NULL,'2015-03-20 17:01:57','2015-03-20 17:01:57','0','0',NULL,NULL);
INSERT INTO `am_role_subsystem` (`role_subsystem_id`,`subsystem_id`,`role_id`,`lang`,`operator_id`,`operator_name`,`create_date_time`,`modify_timestamp`,`data_status`,`send_status`,`send_date_time`,`receive_date_time`) VALUES ('402881844c364ba2014c366ae54402b1','402881844c364ba2014c3659098d006c','402881844b3fe072014b3fe1aa2e0005',NULL,NULL,NULL,'2015-03-20 17:01:57','2015-03-20 17:01:57','0','0',NULL,NULL);
INSERT INTO `am_role_subsystem` (`role_subsystem_id`,`subsystem_id`,`role_id`,`lang`,`operator_id`,`operator_name`,`create_date_time`,`modify_timestamp`,`data_status`,`send_status`,`send_date_time`,`receive_date_time`) VALUES ('402881844c364ba2014c366ae54502b2','402881844c364ba2014c3659098d006c','402881844c364ba2014c3661f31d00eb',NULL,NULL,NULL,'2015-03-20 17:01:57','2015-03-20 17:01:57','0','0',NULL,NULL);
INSERT INTO `am_role_subsystem` (`role_subsystem_id`,`subsystem_id`,`role_id`,`lang`,`operator_id`,`operator_name`,`create_date_time`,`modify_timestamp`,`data_status`,`send_status`,`send_date_time`,`receive_date_time`) VALUES ('402881844c364ba2014c366b97d602df','402881844b3f6f0b014b3f8139ab0016','402881844c364ba2014c3663f40300fe',NULL,NULL,NULL,'2015-03-20 17:02:43','2015-03-20 17:02:43','0','0',NULL,NULL);
INSERT INTO `am_role_subsystem` (`role_subsystem_id`,`subsystem_id`,`role_id`,`lang`,`operator_id`,`operator_name`,`create_date_time`,`modify_timestamp`,`data_status`,`send_status`,`send_date_time`,`receive_date_time`) VALUES ('402881844c364ba2014c366b97d702e0','402881844b3f6f0b014b3f8139ab0016','402881844b3fe072014b3fe1aa2e0005',NULL,NULL,NULL,'2015-03-20 17:02:43','2015-03-20 17:02:43','0','0',NULL,NULL);


/*bm_config*/
INSERT INTO `bm_config` (`config_id`,`subsystem_id`,`config_cd`,`config_name`,`config_value`,`display_no`,`lang`,`operator_id`,`operator_name`,`create_date_time`,`modify_timestamp`,`data_status`,`send_status`,`receive_date_time`,`send_date_time`) VALUES ('402881844c1b3751014c1b4640aa0027','402881844c364ba2014c3659098d006c','websiteTags','Website Tags','Popular;News;Ecommerce;Social;Software:Android,iOS,Web.Backend,Integrate,Tool,Cloud,Database,Tutorial;Hardware;Search;Video;Singapore;Other;',1,'en_SG',NULL,NULL,'2015-03-15 10:32:11','2015-03-21 22:56:53','0','0',NULL,NULL);
INSERT INTO `bm_config` (`config_id`,`subsystem_id`,`config_cd`,`config_name`,`config_value`,`display_no`,`lang`,`operator_id`,`operator_name`,`create_date_time`,`modify_timestamp`,`data_status`,`send_status`,`receive_date_time`,`send_date_time`) VALUES ('402881844c1b51ac014c1b622fa40019','402881844c364ba2014c3659098d006c','websiteTags','网站标签集合','常用;新闻;视频;电子商务;硬件;软件:安卓,iOS;其他;',1,'zh_CN','402881844b39d759014b39d759bf0000','Admin Gan','2015-03-15 11:02:41','2015-03-21 10:36:53','0','0',NULL,NULL);
INSERT INTO `bm_config` (`config_id`,`subsystem_id`,`config_cd`,`config_name`,`config_value`,`display_no`,`lang`,`operator_id`,`operator_name`,`create_date_time`,`modify_timestamp`,`data_status`,`send_status`,`receive_date_time`,`send_date_time`) VALUES ('402881844c1c2e2f014c1c57c54b0128','402881844c364ba2014c3659098d006c','articleTags','Article Tags','Software:Android,iOS,OS X;Hardware:Phone;Language:English,Chinese;People;News;Economy;Travel;History;Other;',1,'en_SG','402881844b39d759014b39d759bf0000','Admin Gan','2015-03-15 15:30:56','2015-03-21 22:57:58','0','0',NULL,NULL);
INSERT INTO `bm_config` (`config_id`,`subsystem_id`,`config_cd`,`config_name`,`config_value`,`display_no`,`lang`,`operator_id`,`operator_name`,`create_date_time`,`modify_timestamp`,`data_status`,`send_status`,`receive_date_time`,`send_date_time`) VALUES ('402881844c3a2394014c3a305cc400c8','402881844c364ba2014c3659098d006c','imageTags','Image Tags','Software:Mobile App,Website,Android,iOS,Window Phone;Hardware:Phone,Tablet,Watch,Laptop,Wearable;Retail:Clothing,Outdoor Gear;Brand:Apple,Google,Samsung,HTC,Sony,LG,Motorola;People:Politician,Entrepreneur,Actor,Singer,Athlete,Television Host,Scientist;Country:Singapore,America,Canada,Germany,Korea,Japan,Brazil,Russia,Sweden;China:Taiwan;Year:2014,2013,2012,2011,2010,00s,90s,80s,70s,60s,50s,40s;Other:Article;',NULL,'en_SG','402881844b39d759014b39d759bf0000','Admin Gan','2015-03-21 10:36:30','2015-03-21 10:36:30','0','0',NULL,NULL);
INSERT INTO `bm_config` (`config_id`,`subsystem_id`,`config_cd`,`config_name`,`config_value`,`display_no`,`lang`,`operator_id`,`operator_name`,`create_date_time`,`modify_timestamp`,`data_status`,`send_status`,`receive_date_time`,`send_date_time`) VALUES ('402881844c3a2394014c3a31fc2f00f2','402881844c364ba2014c3659098d006c','articleTags','博文标签','软件:安卓,iOS,Web开发,后端开发;硬件:手机;经济;旅游;历史;其他;',NULL,'zh_CN','402881844b39d759014b39d759bf0000','Admin Gan','2015-03-21 10:38:16','2015-03-21 10:38:16','0','0',NULL,NULL);
INSERT INTO `bm_config` (`config_id`,`subsystem_id`,`config_cd`,`config_name`,`config_value`,`display_no`,`lang`,`operator_id`,`operator_name`,`create_date_time`,`modify_timestamp`,`data_status`,`send_status`,`receive_date_time`,`send_date_time`) VALUES ('402881844c3a2394014c3a329eb000fc','402881844c364ba2014c3659098d006c','imageTags','图片标签','软件:移动应用,网站,安卓,iOS,Window Phone;硬件:手机,平板,手表,超级本,笔记本,眼镜;品牌:联想,华为,小米;人物:男人,女人,演员,歌手,主持人,企业家,科学家,政治家;国家:新加坡,美国,加拿大,德国, 巴西;中国:台湾,香港,澳门,北京,上海,广东,福建,浙江,四川,山东,黑龙江,湖南,湖北,陕西,山西;年份:2014,2013,2012,2011,2010,00年代,90年代,80年代,70年代,60年代,50年代,40年代;其它:博文;',NULL,'zh_CN','402881844b39d759014b39d759bf0000','Admin Gan','2015-03-21 10:38:58','2015-03-21 10:38:58','0','0',NULL,NULL);
